Workbook

Sheet National Outpatient (Raw)
A1: AREA | B1: AREA_TITLE | C1: AREA_TYPE | D1: PRIM_STATE | E1: NAICS | F1: NAICS_TITLE | G1: I_GROUP | H1: OWN_CODE | I1: OCC_CODE | J1: OCC_TITLE | K1: O_GROUP | L1: TOT_EMP | M1: EMP_PRSE | N1: JOBS_1000 | O1: LOC_QUOTIENT | P1: PCT_TOTAL | Q1: PCT_RPT | R1: H_MEAN | S1: A_MEAN | T1: MEAN_PRSE | U1: H_PCT10 | V1: H_PCT25 | W1: H_MEDIAN | X1: H_PCT75 | Y1: H_PCT90 | Z1: A_PCT10 | AA1: A_PCT25 | AB1: A_MEDIAN | AC1: A_PCT75 | AD1: A_PCT90 | AE1: ANNUAL | AF1: HOURLY
A2: 99 | B2: U.S. | C2: 1 | D2: US | E2: 621300 | F2: Offices of Other Health Practitioners | G2: 4-digit | H2: 5 | I2: 29-1123 | J2: Physical Therapists | K2: detailed | L2: 89680 | M2: 1.7 | P2: 7.86 | Q2: 20 | R2: 44.53 | S2: 92620 | T2: 1.4 | U2: 30.66 | V2: 37.45 | W2: 44.72 | X2: 49.38 | Y2: 60.08 | Z2: 63770 | AA2: 77900 | AB2: 93010 | AC2: 102710 | AD2: 124970

Sheet Calculations & Methodology
B3: National Outpatient PT Wage
B4: Value | C4: ='National Outpatient (Raw)'!S2 -> 92620
B5: Source : BLS OEWS, NATIONAL INDUSTRY File (NAICS 6213)
B7: National PT Wage (All Industries)
B8: Value | C8: ='National All-Industry (Raw)'!S2 -> 100440
B9: Source : BLS OEWS, National File
B11: Adjustment Factor Formula
C12: AdjFactor is | D12: =B3 -> National Outpatient PT Wage
D13: Divided By
D14: =B7 -> National PT Wage (All Industries)
C16: Result | D16: =C4/C8 -> 0.92214257
B18: Outpatient PT wages are not published by state in the BLS OEWS dataset. To estimate outpatient wages at the state level, the national ratio of outpatient PT wages to overall PT wages (0.922143) is applied to each state’s all‑industry PT wage. This produces a consistent, data‑driven estimate of outpatient PT wages across states.

Sheet State PT Wages - Cleaned
A1: State_abbrev | B1: State | C1: H_MEAN | D1: Estimated Outpatient PT Wage | E1: A_MEAN
A2: =VLOOKUP('State PT Wages - Cleaned'!$B2, State_Lookup_Key!A:B, 2, FALSE) -> AL | B2: Alabama | C2: 46.61 | D2: =E2*'Calculations & Methodology'!D$16 -> 89401.722 | E2: 96950
A3: =VLOOKUP('State PT Wages - Cleaned'!$B3, State_Lookup_Key!A:B, 2, FALSE) -> AK | B3: Alaska | C3: 53.28 | D3: =E3*'Calculations & Methodology'!D$16 -> 102201.06 | E3: 110830
A4: =VLOOKUP('State PT Wages - Cleaned'!$B4, State_Lookup_Key!A:B, 2, FALSE) -> AZ | B4: Arizona | C4: 47.58 | D4: =E4*'Calculations & Methodology'!D$16 -> 91255.229 | E4: 98960
A5: =VLOOKUP('State PT Wages - Cleaned'!$B5, State_Lookup_Key!A:B, 2, FALSE) -> AR | B5: Arkansas | C5: 44.36 | D5: =E5*'Calculations & Methodology'!D$16 -> 85086.095 | E5: 92270
A6: =VLOOKUP('State PT Wages - Cleaned'!$B6, State_Lookup_Key!A:B, 2, FALSE) -> CA | B6: California | C6: 54.94 | D6: =E6*'Calculations & Methodology'!D$16 -> 105373.23 | E6: 114270
A7: =VLOOKUP('State PT Wages - Cleaned'!$B7, State_Lookup_Key!A:B, 2, FALSE) -> CO | B7: Colorado | C7: 47.12 | D7: =E7*'Calculations & Methodology'!D$16 -> 90369.972 | E7: 98000
A8: =VLOOKUP('State PT Wages - Cleaned'!$B8, State_Lookup_Key!A:B, 2, FALSE) -> CT | B8: Connecticut | C8: 49.94 | D8: =E8*'Calculations & Methodology'!D$16 -> 95782.949 | E8: 103870
A9: =VLOOKUP('State PT Wages - Cleaned'!$B9, State_Lookup_Key!A:B, 2, FALSE) -> DE | B9: Delaware | C9: 50.26 | D9: =E9*'Calculations & Methodology'!D$16 -> 96391.563 | E9: 104530
A10: =VLOOKUP('State PT Wages - Cleaned'!$B10, State_Lookup_Key!A:B, 2, FALSE) -> DC | B10: District of Columbia | C10: 49.78 | D10: =E10*'Calculations & Methodology'!D$16 -> 95487.863 | E10: 103550
A11: =VLOOKUP('State PT Wages - Cleaned'!$B11, State_Lookup_Key!A:B, 2, FALSE) -> FL | B11: Florida | C11: 45.6 | D11: =E11*'Calculations & Methodology'!D$16 -> 87465.223 | E11: 94850
A12: =VLOOKUP('State PT Wages - Cleaned'!$B12, State_Lookup_Key!A:B, 2, FALSE) -> GA | B12: Georgia | C12: 48.01 | D12: =E12*'Calculations & Methodology'!D$16 -> 92085.157 | E12: 99860
A13: =VLOOKUP('State PT Wages - Cleaned'!$B13, State_Lookup_Key!A:B, 2, FALSE) -> HI | B13: Hawaii | C13: 49.52 | D13: =E13*'Calculations & Methodology'!D$16 -> 94989.906 | E13: 103010
... A54: =VLOOKUP('State PT Wages - Cleaned'!$B54, State_Lookup_Key!A:B, 2, FALSE) -> VI | B54: Virgin Islands | C54: 49.14 | D54: =E54*'Calculations & Methodology'!D$16 -> 94242.971 | E54: 102200

Sheet State_Lookup_Key
A1: state_name | B1: state_abbrev
A2: Alabama | B2: AL
A3: Alaska | B3: AK
A4: Arizona | B4: AZ
A5: Arkansas | B5: AR
A6: California | B6: CA
A7: Colorado | B7: CO
A8: Connecticut | B8: CT
A9: Delaware | B9: DE
A10: Florida | B10: FL
A11: Georgia | B11: GA
A12: Hawaii | B12: HI
... A54: Puerto Rico | B54: PR

Sheet National All-Industry (Raw)
A1: AREA | B1: AREA_TITLE | C1: AREA_TYPE | D1: PRIM_STATE | E1: NAICS | F1: NAICS_TITLE | G1: I_GROUP | H1: OWN_CODE | I1: OCC_CODE | J1: OCC_TITLE | K1: O_GROUP | L1: TOT_EMP | M1: EMP_PRSE | N1: JOBS_1000 | O1: LOC_QUOTIENT | P1: PCT_TOTAL | Q1: PCT_RPT | R1: H_MEAN | S1: A_MEAN | T1: MEAN_PRSE | U1: H_PCT10 | V1: H_PCT25 | W1: H_MEDIAN | X1: H_PCT75 | Y1: H_PCT90 | Z1: A_PCT10 | AA1: A_PCT25 | AB1: A_MEDIAN | AC1: A_PCT75 | AD1: A_PCT90 | AE1: ANNUAL | AF1: HOURLY
A2: 99 | B2: U.S. | C2: 1 | D2: US | E2: 000000 | F2: Cross-industry | G2: cross-industry | H2: 1235 | I2: 29-1123 | J2: Physical Therapists | K2: detailed | L2: 240820 | M2: 1.3 | R2: 48.29 | S2: 100440 | T2: 0.5 | U2: 34.74 | V2: 39.41 | W2: 47.94 | X2: 54.63 | Y2: 62.92 | Z2: 72260 | AA2: 81970 | AB2: 99710 | AC2: 113630 | AD2: 130870

Sheet State PT Wages (Raw)
A1: AREA | B1: State | C1: AREA_TYPE | D1: PRIM_STATE | E1: NAICS | F1: NAICS_TITLE | G1: I_GROUP | H1: OWN_CODE | I1: OCC_CODE | J1: OCC_TITLE | K1: O_GROUP | L1: TOT_EMP | M1: EMP_PRSE | N1: JOBS_1000 | O1: LOC_QUOTIENT | P1: PCT_TOTAL | Q1: PCT_RPT | R1: H_MEAN | S1: Estimated Outpatient PT Wage | T1: A_MEAN | U1: MEAN_PRSE | V1: H_PCT10 | W1: H_PCT25 | X1: H_MEDIAN | Y1: H_PCT75 | Z1: H_PCT90 | AA1: A_PCT10 | AB1: A_PCT25 | AC1: A_MEDIAN | AD1: A_PCT75 | AE1: A_PCT90 | AF1: ANNUAL | AG1: HOURLY
A2: 01 | B2: Alabama | C2: 2 | D2: AL | E2: 000000 | F2: Cross-industry | G2: cross-industry | H2: 1235 | I2: 29-1123 | J2: Physical Therapists | K2: detailed | L2: 2670 | M2: 5.5 | N2: 1.303 | O2: 0.82 | R2: 46.61 | S2: =T2*'Calculations & Methodology'!D$16 -> 89401.722 | T2: 96950 | U2: 1.9 | V2: 30.61 | W2: 38.45 | X2: 46.49 | Y2: 54.55 | Z2: 63.32 | AA2: 63670 | AB2: 79980 | AC2: 96700 | AD2: 113470 | AE2: 131700 | AH2: =SUM(L2:AG2) -> 674831.28
A3: 02 | B3: Alaska | C3: 2 | D3: AK | E3: 000000 | F3: Cross-industry | G3: cross-industry | H3: 1235 | I3: 29-1123 | J3: Physical Therapists | K3: detailed | L3: 570 | M3: 7.9 | N3: 1.844 | O3: 1.16 | R3: 53.28 | S3: =T3*'Calculations & Methodology'!D$16 -> 102201.06 | T3: 110830 | U3: 1.2 | V3: 40.33 | W3: 48.42 | X3: 50.29 | Y3: 60.13 | Z3: 63.03 | AA3: 83890 | AB3: 100700 | AC3: 104610 | AD3: 125060 | AE3: 131100 | AH3: =SUM(L3:AG3) -> 759288.65
A4: 04 | B4: Arizona | C4: 2 | D4: AZ | E4: 000000 | F4: Cross-industry | G4: cross-industry | H4: 1235 | I4: 29-1123 | J4: Physical Therapists | K4: detailed | L4: 4490 | M4: 4 | N4: 1.433 | O4: 0.9 | R4: 47.58 | S4: =T4*'Calculations & Methodology'!D$16 -> 91255.229 | T4: 98960 | U4: 1.1 | V4: 36.86 | W4: 39.41 | X4: 47.36 | Y4: 52.21 | Z4: 60.45 | AA4: 76670 | AB4: 81980 | AC4: 98510 | AD4: 108610 | AE4: 125740 | AH4: =SUM(L4:AG4) -> 686506.53
A5: 05 | B5: Arkansas | C5: 2 | D5: AR | E5: 000000 | F5: Cross-industry | G5: cross-industry | H5: 1235 | I5: 29-1123 | J5: Physical Therapists | K5: detailed | L5: 2570 | M5: 6.2 | N5: 2.022 | O5: 1.27 | R5: 44.36 | S5: =T5*'Calculations & Methodology'!D$16 -> 85086.095 | T5: 92270 | U5: 1.3 | V5: 31.27 | W5: 36.41 | X5: 45.14 | Y5: 52.04 | Z5: 60 | AA5: 65040 | AB5: 75730 | AC5: 93880 | AD5: 108250 | AE5: 124800 | AH5: =SUM(L5:AG5) -> 647906.11
A6: 06 | B6: California | C6: 2 | D6: CA | E6: 000000 | F6: Cross-industry | G6: cross-industry | H6: 1235 | I6: 29-1123 | J6: Physical Therapists | K6: detailed | L6: 24200 | M6: 3.2 | N6: 1.349 | O6: 0.85 | R6: 54.94 | S6: =T6*'Calculations & Methodology'!D$16 -> 105373.23 | T6: 114270 | U6: 1.8 | V6: 37.02 | W6: 46.39 | X6: 55.55 | Y6: 63.74 | Z6: 74.12 | AA6: 76990 | AB6: 96490 | AC6: 115550 | AD6: 132580 | AE6: 154170 | AH6: =SUM(L6:AG6) -> 819962.19
A7: 08 | B7: Colorado | C7: 2 | D7: CO | E7: 000000 | F7: Cross-industry | G7: cross-industry | H7: 1235 | I7: 29-1123 | J7: Physical Therapists | K7: detailed | L7: 5360 | M7: 4 | N7: 1.893 | O7: 1.19 | R7: 47.12 | S7: =T7*'Calculations & Methodology'!D$16 -> 90369.972 | T7: 98000 | U7: 1 | V7: 34.19 | W7: 39.3 | X7: 46.93 | Y7: 52.05 | Z7: 62.35 | AA7: 71110 | AB7: 81750 | AC7: 97610 | AD7: 108260 | AE7: 129680 | AH7: =SUM(L7:AG7) -> 682430
A8: 09 | B8: Connecticut | C8: 2 | D8: CT | E8: 000000 | F8: Cross-industry | G8: cross-industry | H8: 1235 | I8: 29-1123 | J8: Physical Therapists | K8: detailed | L8: 3790 | M8: 6.8 | N8: 2.282 | O8: 1.44 | R8: 49.94 | S8: =T8*'Calculations & Methodology'!D$16 -> 95782.949 | T8: 103870 | U8: 1.2 | V8: 36.65 | W8: 42.39 | X8: 49.66 | Y8: 53.81 | Z8: 62.72 | AA8: 76230 | AB8: 88160 | AC8: 103280 | AD8: 111930 | AE8: 130450 | AH8: =SUM(L8:AG8) -> 713799.84
A9: 10 | B9: Delaware | C9: 2 | D9: DE | E9: 000000 | F9: Cross-industry | G9: cross-industry | H9: 1235 | I9: 29-1123 | J9: Physical Therapists | K9: detailed | L9: 1060 | M9: 5.2 | N9: 2.26 | O9: 1.42 | R9: 50.26 | S9: =T9*'Calculations & Methodology'!D$16 -> 96391.563 | T9: 104530 | U9: 1.7 | V9: 38.78 | W9: 41.53 | X9: 49.27 | Y9: 58.58 | Z9: 63.25 | AA9: 80650 | AB9: 86390 | AC9: 102470 | AD9: 121850 | AE9: 131560 | AH9: =SUM(L9:AG9) -> 725213.81
A10: 11 | B10: District of Columbia | C10: 2 | D10: DC | E10: 000000 | F10: Cross-industry | G10: cross-industry | H10: 1235 | I10: 29-1123 | J10: Physical Therapists | K10: detailed | L10: 630 | M10: 9.9 | N10: 0.9 | O10: 0.57 | R10: 49.78 | S10: =T10*'Calculations & Methodology'!D$16 -> 95487.863 | T10: 103550 | U10: 1.7 | V10: 39.88 | W10: 41.86 | X10: 48.49 | Y10: 53.43 | Z10: 62.82 | AA10: 82960 | AB10: 87070 | AC10: 100850 | AD10: 111120 | AE10: 130660 | AH10: =SUM(L10:AG10) -> 712637.19
A11: 12 | B11: Florida | C11: 2 | D11: FL | E11: 000000 | F11: Cross-industry | G11: cross-industry | H11: 1235 | I11: 29-1123 | J11: Physical Therapists | K11: detailed | L11: 16150 | M11: 4.2 | N11: 1.688 | O11: 1.06 | R11: 45.6 | S11: =T11*'Calculations & Methodology'!D$16 -> 87465.223 | T11: 94850 | U11: 1.5 | V11: 27.15 | W11: 39.13 | X11: 46.62 | Y11: 51.02 | Z11: 60.95 | AA11: 56470 | AB11: 81390 | AC11: 96970 | AD11: 106130 | AE11: 126780 | AH11: =SUM(L11:AG11) -> 666484.14
A12: 13 | B12: Georgia | C12: 2 | D12: GA | E12: 000000 | F12: Cross-industry | G12: cross-industry | H12: 1235 | I12: 29-1123 | J12: Physical Therapists | K12: detailed | L12: 5600 | M12: 5.3 | N12: 1.176 | O12: 0.74 | R12: 48.01 | S12: =T12*'Calculations & Methodology'!D$16 -> 92085.157 | T12: 99860 | U12: 1.2 | V12: 36.02 | W12: 39.35 | X12: 48.02 | Y12: 55.25 | Z12: 60.38 | AA12: 74910 | AB12: 81840 | AC12: 99890 | AD12: 114910 | AE12: 125590 | AH12: =SUM(L12:AG12) -> 694980.6
A13: 15 | B13: Hawaii | C13: 2 | D13: HI | E13: 000000 | F13: Cross-industry | G13: cross-industry | H13: 1235 | I13: 29-1123 | J13: Physical Therapists | K13: detailed | L13: 870 | M13: 10.7 | N13: 1.41 | O13: 0.89 | R13: 49.52 | S13: =T13*'Calculations & Methodology'!D$16 -> 94989.906 | T13: 103010 | U13: 2.7 | V13: 40.23 | W13: 44.76 | X13: 48.93 | Y13: 54.99 | Z13: 60.35 | AA13: 83670 | AB13: 93090 | AC13: 101780 | AD13: 114380 | AE13: 125520 | AH13: =SUM(L13:AG13) -> 717624.39
... A54: 78 | B54: Virgin Islands | C54: 3 | D54: VI | E54: 000000 | F54: Cross-industry | G54: cross-industry | H54: 1235 | I54: 29-1123 | J54: Physical Therapists | K54: detailed | L54: 30 | M54: 20.6 | N54: 0.961 | O54: 0.61 | R54: 49.14 | S54: =T54*'Calculations & Methodology'!D$16 -> 94242.971 | T54: 102200 | U54: 3.9 | V54: 27.27 | W54: 38.11 | X54: 48.07 | Y54: 51.79 | Z54: 66.36 | AA54: 56730 | AB54: 79260 | AC54: 99990 | AD54: 107710 | AE54: 138030 | AH54: =SUM(L54:AG54) -> 678499.78
L55: =SUM(L2:L54) -> 241300 | M55: =SUM(M2:M54) -> 308.8 | N55: =SUM(N2:N54) -> 88.094 | O55: =SUM(O2:O54) -> 55.54 | R55: =SUM(R2:R54) -> 2472.03 | S55: =SUM(S2:S54) -> 4741408.1 | T55: =SUM(T2:T54) -> 5141730
